eegAndStage.20200601S181BL-1.pkl,features.rawDataWithSTFT.withoutEMG.20200601S181BL-1.pkl,20200601S181BL-1
eegAndStage.20200605S181AL-1.pkl,features.rawDataWithSTFT.withoutEMG.20200605S181AL-1.pkl,20200605S181AL-1
eegAndStage.20200614S183BL-1.pkl,features.rawDataWithSTFT.withoutEMG.20200614S183BL-1.pkl,20200614S183BL-1
eegAndStage.20200615S185BL-1.pkl,features.rawDataWithSTFT.withoutEMG.20200615S185BL-1.pkl,20200615S185BL-1
eegAndStage.20200615S187BL-1.pkl,features.rawDataWithSTFT.withoutEMG.20200615S187BL-1.pkl,20200615S187BL-1
eegAndStage.20200615S188BL-1.pkl,features.rawDataWithSTFT.withoutEMG.20200615S188BL-1.pkl,20200615S188BL-1
eegAndStage.20200619S184-1BL-1.pkl,features.rawDataWithSTFT.withoutEMG.20200619S184-1BL-1.pkl,20200619S184-1BL-1
eegAndStage.20200619S184-2BL-1.pkl,features.rawDataWithSTFT.withoutEMG.20200619S184-2BL-1.pkl,20200619S184-2BL-1
eegAndStage.20200619S188AL-1.pkl,features.rawDataWithSTFT.withoutEMG.20200619S188AL-1.pkl,20200619S188AL-1
eegAndStage.20200623S184-1AL-1.pkl,features.rawDataWithSTFT.withoutEMG.20200623S184-1AL-1.pkl,20200623S184-1AL-1
eegAndStage.20200705S190BL-1.pkl,features.rawDataWithSTFT.withoutEMG.20200705S190BL-1.pkl,20200705S190BL-1
eegAndStage.20200705S191BL-1.pkl,features.rawDataWithSTFT.withoutEMG.20200705S191BL-1.pkl,20200705S191BL-1
eegAndStage.20200709S190AL-1.pkl,features.rawDataWithSTFT.withoutEMG.20200709S190AL-1.pkl,20200709S190AL-1
eegAndStage.20200709S192AL-1.pkl,features.rawDataWithSTFT.withoutEMG.20200709S192AL-1.pkl,20200709S192AL-1
eegAndStage.20200801S200BL-2.pkl,features.rawDataWithSTFT.withoutEMG.20200801S200BL-2.pkl,20200801S200BL-2
eegAndStage.20200801S201BL-1.pkl,features.rawDataWithSTFT.withoutEMG.20200801S201BL-1.pkl,20200801S201BL-1
eegAndStage.20200801S202BL-2.pkl,features.rawDataWithSTFT.withoutEMG.20200801S202BL-2.pkl,20200801S202BL-2
eegAndStage.20200804S195AL-2.pkl,features.rawDataWithSTFT.withoutEMG.20200804S195AL-2.pkl,20200804S195AL-2
eegAndStage.20200804S196AL-1.pkl,features.rawDataWithSTFT.withoutEMG.20200804S196AL-1.pkl,20200804S196AL-1
eegAndStage.20200804S199AL-1.pkl,features.rawDataWithSTFT.withoutEMG.20200804S199AL-1.pkl,20200804S199AL-1
eegAndStage.20200805S200AL-1.pkl,features.rawDataWithSTFT.withoutEMG.20200805S200AL-1.pkl,20200805S200AL-1
eegAndStage.20200805S202AL-2.pkl,features.rawDataWithSTFT.withoutEMG.20200805S202AL-2.pkl,20200805S202AL-2
eegAndStage.20200807S208AL-1.pkl,features.rawDataWithSTFT.withoutEMG.20200807S208AL-1.pkl,20200807S208AL-1
eegAndStage.20200813S210BL-1.pkl,features.rawDataWithSTFT.withoutEMG.20200813S210BL-1.pkl,20200813S210BL-1
eegAndStage.20200814S212BL-2.pkl,features.rawDataWithSTFT.withoutEMG.20200814S212BL-2.pkl,20200814S212BL-2
eegAndStage.20200814S214BL-1.pkl,features.rawDataWithSTFT.withoutEMG.20200814S214BL-1.pkl,20200814S214BL-1
eegAndStage.20200815S221BL-2.pkl,features.rawDataWithSTFT.withoutEMG.20200815S221BL-2.pkl,20200815S221BL-2
eegAndStage.20200815S223BL-2.pkl,features.rawDataWithSTFT.withoutEMG.20200815S223BL-2.pkl,20200815S223BL-2
eegAndStage.20200817S210AL-1.pkl,features.rawDataWithSTFT.withoutEMG.20200817S210AL-1.pkl,20200817S210AL-1
eegAndStage.20200817S211AL-1.pkl,features.rawDataWithSTFT.withoutEMG.20200817S211AL-1.pkl,20200817S211AL-1
eegAndStage.20200818S214AL-1.pkl,features.rawDataWithSTFT.withoutEMG.20200818S214AL-1.pkl,20200818S214AL-1
eegAndStage.20200819S221AL-1.pkl,features.rawDataWithSTFT.withoutEMG.20200819S221AL-1.pkl,20200819S221AL-1
eegAndStage.20200819S223AL-1.pkl,features.rawDataWithSTFT.withoutEMG.20200819S223AL-1.pkl,20200819S223AL-1
eegAndStage.EP039_AL-1.pkl,features.rawDataWithSTFT.withoutEMG.EP039_AL-1.pkl,EP039_AL-1
eegAndStage.EP039_BL-1.pkl,features.rawDataWithSTFT.withoutEMG.EP039_BL-1.pkl,EP039_BL-1
eegAndStage.EP040_AL-1.pkl,features.rawDataWithSTFT.withoutEMG.EP040_AL-1.pkl,EP040_AL-1
eegAndStage.EP040_BL-1.pkl,features.rawDataWithSTFT.withoutEMG.EP040_BL-1.pkl,EP040_BL-1
eegAndStage.EP041_AL-1.pkl,features.rawDataWithSTFT.withoutEMG.EP041_AL-1.pkl,EP041_AL-1
eegAndStage.EP042_AL-1.pkl,features.rawDataWithSTFT.withoutEMG.EP042_AL-1.pkl,EP042_AL-1
eegAndStage.EP042_BL-1.pkl,features.rawDataWithSTFT.withoutEMG.EP042_BL-1.pkl,EP042_BL-1
eegAndStage.EP043_AL-1.pkl,features.rawDataWithSTFT.withoutEMG.EP043_AL-1.pkl,EP043_AL-1
eegAndStage.EP044_AL-1.pkl,features.rawDataWithSTFT.withoutEMG.EP044_AL-1.pkl,EP044_AL-1
eegAndStage.EP046_BL-1.pkl,features.rawDataWithSTFT.withoutEMG.EP046_BL-1.pkl,EP046_BL-1
eegAndStage.EP058-AL-1.pkl,features.rawDataWithSTFT.withoutEMG.EP058-AL-1.pkl,EP058-AL-1
eegAndStage.EP062-AL-1.pkl,features.rawDataWithSTFT.withoutEMG.EP062-AL-1.pkl,EP062-AL-1
eegAndStage.EP062-BL-1.pkl,features.rawDataWithSTFT.withoutEMG.EP062-BL-1.pkl,EP062-BL-1
eegAndStage.EP070_BL-1.pkl,features.rawDataWithSTFT.withoutEMG.EP070_BL-1.pkl,EP070_BL-1
eegAndStage.EP072_AL-1.pkl,features.rawDataWithSTFT.withoutEMG.EP072_AL-1.pkl,EP072_AL-1
eegAndStage.EP073_AL-1.pkl,features.rawDataWithSTFT.withoutEMG.EP073_AL-1.pkl,EP073_AL-1
eegAndStage.EP073_BL-1.pkl,features.rawDataWithSTFT.withoutEMG.EP073_BL-1.pkl,EP073_BL-1
eegAndStage.EP078_AL-1.pkl,features.rawDataWithSTFT.withoutEMG.EP078_AL-1.pkl,EP078_AL-1
eegAndStage.EP078_BL-1.pkl,features.rawDataWithSTFT.withoutEMG.EP078_BL-1.pkl,EP078_BL-1
eegAndStage.EP079_AL-1.pkl,features.rawDataWithSTFT.withoutEMG.EP079_AL-1.pkl,EP079_AL-1
eegAndStage.EP079_BL-1.pkl,features.rawDataWithSTFT.withoutEMG.EP079_BL-1.pkl,EP079_BL-1
eegAndStage.EP080_AL-2.pkl,features.rawDataWithSTFT.withoutEMG.EP080_AL-2.pkl,EP080_AL-2
eegAndStage.EP081_AL-1.pkl,features.rawDataWithSTFT.withoutEMG.EP081_AL-1.pkl,EP081_AL-1
eegAndStage.EP081_BL-1.pkl,features.rawDataWithSTFT.withoutEMG.EP081_BL-1.pkl,EP081_BL-1
eegAndStage.EP082_AL-1.pkl,features.rawDataWithSTFT.withoutEMG.EP082_AL-1.pkl,EP082_AL-1
eegAndStage.EP082_BL-1.pkl,features.rawDataWithSTFT.withoutEMG.EP082_BL-1.pkl,EP082_BL-1
eegAndStage.EP083_BL-1.pkl,features.rawDataWithSTFT.withoutEMG.EP083_BL-1.pkl,EP083_BL-1
eegAndStage.EP084_BL-1.pkl,features.rawDataWithSTFT.withoutEMG.EP084_BL-1.pkl,EP084_BL-1
eegAndStage.EP091_AL-1.pkl,features.rawDataWithSTFT.withoutEMG.EP091_AL-1.pkl,EP091_AL-1
eegAndStage.EP091_BL-1.pkl,features.rawDataWithSTFT.withoutEMG.EP091_BL-1.pkl,EP091_BL-1
eegAndStage.EP096_AL-1.pkl,features.rawDataWithSTFT.withoutEMG.EP096_AL-1.pkl,EP096_AL-1
eegAndStage.EP097_AL-1.pkl,features.rawDataWithSTFT.withoutEMG.EP097_AL-1.pkl,EP097_AL-1
eegAndStage.EP097_BL-1.pkl,features.rawDataWithSTFT.withoutEMG.EP097_BL-1.pkl,EP097_BL-1
eegAndStage.EP098_BL-1.pkl,features.rawDataWithSTFT.withoutEMG.EP098_BL-1.pkl,EP098_BL-1
eegAndStage.EP099_BL-1.pkl,features.rawDataWithSTFT.withoutEMG.EP099_BL-1.pkl,EP099_BL-1
eegAndStage.EP100_AL-1.pkl,features.rawDataWithSTFT.withoutEMG.EP100_AL-1.pkl,EP100_AL-1
eegAndStage.EP101_BL-1.pkl,features.rawDataWithSTFT.withoutEMG.EP101_BL-1.pkl,EP101_BL-1
eegAndStage.EP102_AL-1.pkl,features.rawDataWithSTFT.withoutEMG.EP102_AL-1.pkl,EP102_AL-1
eegAndStage.EP102_BL-1.pkl,features.rawDataWithSTFT.withoutEMG.EP102_BL-1.pkl,EP102_BL-1
eegAndStage.EP103_BL-1.pkl,features.rawDataWithSTFT.withoutEMG.EP103_BL-1.pkl,EP103_BL-1
eegAndStage.EP104_AL-1.pkl,features.rawDataWithSTFT.withoutEMG.EP104_AL-1.pkl,EP104_AL-1
eegAndStage.EP104_BL-1.pkl,features.rawDataWithSTFT.withoutEMG.EP104_BL-1.pkl,EP104_BL-1
eegAndStage.ThP039_AL-2.pkl,features.rawDataWithSTFT.withoutEMG.ThP039_AL-2.pkl,ThP039_AL-2
eegAndStage.ThP045_BL-2.pkl,features.rawDataWithSTFT.withoutEMG.ThP045_BL-2.pkl,ThP045_BL-2
eegAndStage.ThP049_AL-2.pkl,features.rawDataWithSTFT.withoutEMG.ThP049_AL-2.pkl,ThP049_AL-2
eegAndStage.ThP056_BL-2.pkl,features.rawDataWithSTFT.withoutEMG.ThP056_BL-2.pkl,ThP056_BL-2
eegAndStage.ThP063_BL-2.pkl,features.rawDataWithSTFT.withoutEMG.ThP063_BL-2.pkl,ThP063_BL-2
eegAndStage.ThP093_AL-2.pkl,features.rawDataWithSTFT.withoutEMG.ThP093_AL-2.pkl,ThP093_AL-2
eegAndStage.ThP107_AL-2.pkl,features.rawDataWithSTFT.withoutEMG.ThP107_AL-2.pkl,ThP107_AL-2
eegAndStage.ThP107_BL-2.pkl,features.rawDataWithSTFT.withoutEMG.ThP107_BL-2.pkl,ThP107_BL-2
eegAndStage.ThP109_BL-2.pkl,features.rawDataWithSTFT.withoutEMG.ThP109_BL-2.pkl,ThP109_BL-2
eegAndStage.ThP110_BL-2.pkl,features.rawDataWithSTFT.withoutEMG.ThP110_BL-2.pkl,ThP110_BL-2
eegAndStage.ThP113_AL-2.pkl,features.rawDataWithSTFT.withoutEMG.ThP113_AL-2.pkl,ThP113_AL-2
eegAndStage.ThP114_AL-2.pkl,features.rawDataWithSTFT.withoutEMG.ThP114_AL-2.pkl,ThP114_AL-2
eegAndStage.ThP115_AL-2.pkl,features.rawDataWithSTFT.withoutEMG.ThP115_AL-2.pkl,ThP115_AL-2
eegAndStage.ThP116_AL-2.pkl,features.rawDataWithSTFT.withoutEMG.ThP116_AL-2.pkl,ThP116_AL-2
eegAndStage.ThP122_AL-2.pkl,features.rawDataWithSTFT.withoutEMG.ThP122_AL-2.pkl,ThP122_AL-2
eegAndStage.ThP126_AL-2.pkl,features.rawDataWithSTFT.withoutEMG.ThP126_AL-2.pkl,ThP126_AL-2
eegAndStage.ThP126_BL-2.pkl,features.rawDataWithSTFT.withoutEMG.ThP126_BL-2.pkl,ThP126_BL-2
eegAndStage.ThP131_AL-2.pkl,features.rawDataWithSTFT.withoutEMG.ThP131_AL-2.pkl,ThP131_AL-2
eegAndStage.ThP131_BL-2.pkl,features.rawDataWithSTFT.withoutEMG.ThP131_BL-2.pkl,ThP131_BL-2
eegAndStage.ThP133_AL-2.pkl,features.rawDataWithSTFT.withoutEMG.ThP133_AL-2.pkl,ThP133_AL-2
eegAndStage.ThP134_AL-2.pkl,features.rawDataWithSTFT.withoutEMG.ThP134_AL-2.pkl,ThP134_AL-2
eegAndStage.ThP135_AL-2.pkl,features.rawDataWithSTFT.withoutEMG.ThP135_AL-2.pkl,ThP135_AL-2
eegAndStage.ThP136_AL-2.pkl,features.rawDataWithSTFT.withoutEMG.ThP136_AL-2.pkl,ThP136_AL-2
eegAndStage.ThP136_BL-2.pkl,features.rawDataWithSTFT.withoutEMG.ThP136_BL-2.pkl,ThP136_BL-2
eegAndStage.ThP137_AL-2.pkl,features.rawDataWithSTFT.withoutEMG.ThP137_AL-2.pkl,ThP137_AL-2
eegAndStage.ThP137_BL-2.pkl,features.rawDataWithSTFT.withoutEMG.ThP137_BL-2.pkl,ThP137_BL-2
eegAndStage.ThP144_AL-2.pkl,features.rawDataWithSTFT.withoutEMG.ThP144_AL-2.pkl,ThP144_AL-2
eegAndStage.ThP144_BL-2.pkl,features.rawDataWithSTFT.withoutEMG.ThP144_BL-2.pkl,ThP144_BL-2
eegAndStage.ThP145_BL-2.pkl,features.rawDataWithSTFT.withoutEMG.ThP145_BL-2.pkl,ThP145_BL-2
eegAndStage.ThP146_AL-2.pkl,features.rawDataWithSTFT.withoutEMG.ThP146_AL-2.pkl,ThP146_AL-2
eegAndStage.ThP146_BL-2.pkl,features.rawDataWithSTFT.withoutEMG.ThP146_BL-2.pkl,ThP146_BL-2
eegAndStage.ThP147_BL-2.pkl,features.rawDataWithSTFT.withoutEMG.ThP147_BL-2.pkl,ThP147_BL-2
eegAndStage.ThP152_AL-2.pkl,features.rawDataWithSTFT.withoutEMG.ThP152_AL-2.pkl,ThP152_AL-2
eegAndStage.ThP153_AL-2.pkl,features.rawDataWithSTFT.withoutEMG.ThP153_AL-2.pkl,ThP153_AL-2
eegAndStage.ThP154_AL-2.pkl,features.rawDataWithSTFT.withoutEMG.ThP154_AL-2.pkl,ThP154_AL-2
eegAndStage.ThP155_AL-2.pkl,features.rawDataWithSTFT.withoutEMG.ThP155_AL-2.pkl,ThP155_AL-2
eegAndStage.ThP155_BL-2.pkl,features.rawDataWithSTFT.withoutEMG.ThP155_BL-2.pkl,ThP155_BL-2
eegAndStage.ThP159_AL-2.pkl,features.rawDataWithSTFT.withoutEMG.ThP159_AL-2.pkl,ThP159_AL-2
eegAndStage.ThP159_BL-2.pkl,features.rawDataWithSTFT.withoutEMG.ThP159_BL-2.pkl,ThP159_BL-2
eegAndStage.ThP160_AL-2.pkl,features.rawDataWithSTFT.withoutEMG.ThP160_AL-2.pkl,ThP160_AL-2
eegAndStage.ThP160_BL-2.pkl,features.rawDataWithSTFT.withoutEMG.ThP160_BL-2.pkl,ThP160_BL-2
eegAndStage.ThP161_AL-2.pkl,features.rawDataWithSTFT.withoutEMG.ThP161_AL-2.pkl,ThP161_AL-2
eegAndStage.ThP161_BL-2.pkl,features.rawDataWithSTFT.withoutEMG.ThP161_BL-2.pkl,ThP161_BL-2
eegAndStage.ThP162_AL-2.pkl,features.rawDataWithSTFT.withoutEMG.ThP162_AL-2.pkl,ThP162_AL-2
eegAndStage.ThP162_BL-2.pkl,features.rawDataWithSTFT.withoutEMG.ThP162_BL-2.pkl,ThP162_BL-2
eegAndStage.ThP165_BL-2.pkl,features.rawDataWithSTFT.withoutEMG.ThP165_BL-2.pkl,ThP165_BL-2
eegAndStage.ThP166_BL-2.pkl,features.rawDataWithSTFT.withoutEMG.ThP166_BL-2.pkl,ThP166_BL-2
eegAndStage.ThP167_AL-2.pkl,features.rawDataWithSTFT.withoutEMG.ThP167_AL-2.pkl,ThP167_AL-2
eegAndStage.ThP167_BL-2.pkl,features.rawDataWithSTFT.withoutEMG.ThP167_BL-2.pkl,ThP167_BL-2
